{"cameraMode":{"drawMode":0,"name":"Shaded","section":"Shading Mode"},"sceneLighting":true,"audioPlay":false,"sceneViewState":{"showFog":false,"showMaterialUpdate":false,"showSkybox":false,"showFlares":false,"showImageEffects":false,"showParticleSystems":false},"in2DMode":false,"pivot":{"x":4.615313529968262,"y":12.196937561035157,"z":-3.7838354110717775},"rotation":{"x":0.34012874960899355,"y":-0.1519673764705658,"z":-0.05580078065395355,"w":-0.9263493418693543},"size":12.242950439453125,"orthographic":false}